code,name,2018-19,2019-20,2020-21,2021-22,2022-23
101,Capital Region,47619.0,48763.0,52113.0,53266.0,56436.0
102,Central Coast,46863.0,47948.0,50445.0,50652.0,55037.0
103,Central West,45463.0,46716.0,50382.0,52426.0,54786.0
104,Coffs Harbour - Grafton,38834.0,39309.0,42611.0,43537.0,46137.0
105,Far West and Orana,44803.0,46289.0,50311.0,52961.0,54600.0
106,Hunter Valley exc Newcastle,48158.0,49325.0,51589.0,52472.0,56708.0
107,Illawarra,49743.0,50641.0,53131.0,54655.0,58509.0
108,Mid North Coast,37391.0,38296.0,40910.0,42059.0,44807.0
109,Murray,43974.0,43921.0,47381.0,49761.0,50994.0
110,New England and North West,41993.0,42450.0,47089.0,49145.0,51093.0
111,Newcastle and Lake Macquarie,50398.0,51690.0,54637.0,55659.0,59817.0
112,Richmond - Tweed,38850.0,39589.0,43105.0,42881.0,46189.0
113,Riverina,46915.0,47741.0,51142.0,53075.0,55034.0
114,Southern Highlands and Shoalhaven,41263.0,42150.0,45669.0,46401.0,49228.0
115,Sydney - Baulkham Hills and Hawkesbury,55570.0,57453.0,60888.0,63673.0,68287.0
116,Sydney - Blacktown,52658.0,54478.0,57390.0,58578.0,62523.0
117,Sydney - City and Inner South,51924.0,53813.0,62445.0,65262.0,66300.0
118,Sydney - Eastern Suburbs,62196.0,63345.0,70324.0,73183.0,74302.0
119,Sydney - Inner South West,44697.0,45284.0,48396.0,48907.0,54206.0
120,Sydney - Inner West,55087.0,56496.0,60829.0,62940.0,66738.0
121,Sydney - North Sydney and Hornsby,64378.0,65168.0,68202.0,71834.0,74981.0
122,Sydney - Northern Beaches,57069.0,58258.0,61976.0,64519.0,67898.0
123,Sydney - Outer South West,52972.0,54115.0,56037.0,56418.0,61031.0
124,Sydney - Outer West and Blue Mountains,53471.0,55062.0,57414.0,58001.0,62518.0
125,Sydney - Parramatta,45029.0,45906.0,49898.0,50297.0,55020.0
126,Sydney - Ryde,53643.0,55000.0,58429.0,61022.0,64713.0
127,Sydney - South West,47978.0,49224.0,51161.0,50523.0,55601.0
128,Sydney - Sutherland,58067.0,59609.0,62515.0,64610.0,69218.0
201,Ballarat,45588.0,46922.0,48892.0,50725.0,53619.0
202,Bendigo,46137.0,47497.0,49768.0,51392.0,54001.0
203,Geelong,48236.0,49345.0,51605.0,54143.0,57549.0
204,Hume,43848.0,45266.0,47712.0,49603.0,51800.0
205,Latrobe - Gippsland,41894.0,43506.0,45468.0,47075.0,49567.0
206,Melbourne - Inner,55468.0,56971.0,62414.0,65472.0,65785.0
207,Melbourne - Inner East,50084.0,50336.0,52717.0,56146.0,59261.0
208,Melbourne - Inner South,56802.0,58318.0,61088.0,64999.0,68110.0
209,Melbourne - North East,50628.0,51882.0,54120.0,56949.0,60976.0
210,Melbourne - North West,49029.0,49945.0,51851.0,54183.0,58100.0
211,Melbourne - Outer East,49930.0,51031.0,52979.0,55405.0,59613.0
212,Melbourne - South East,46005.0,46821.0,49204.0,51587.0,55238.0
213,Melbourne - West,49657.0,50599.0,52485.0,55017.0,58476.0
214,Mornington Peninsula,47895.0,48746.0,50751.0,52448.0,56563.0
215,North West,42217.0,42692.0,45196.0,47364.0,48852.0
216,Shepparton,41947.0,43063.0,46293.0,48016.0,49805.0
217,Warrnambool and South West,43260.0,44623.0,47395.0,49740.0,51043.0
301,Brisbane - East,52498.0,53586.0,55902.0,58671.0,62036.0
302,Brisbane - North,54614.0,55858.0,58542.0,62139.0,65813.0
303,Brisbane - South,48779.0,49993.0,53491.0,56683.0,59038.0
304,Brisbane - West,56169.0,58118.0,60949.0,64085.0,66885.0
305,Brisbane Inner City,55929.0,57591.0,62656.0,66000.0,66638.0
306,Cairns,43089.0,44121.0,47092.0,49187.0,50814.0
307,Darling Downs - Maranoa,39872.0,39971.0,43438.0,46810.0,48276.0
308,Central Queensland,52011.0,53617.0,55815.0,58155.0,60577.0
309,Gold Coast,44570.0,44983.0,48011.0,50843.0,53751.0
310,Ipswich,49095.0,50298.0,51644.0,54095.0,57302.0
311,Logan - Beaudesert,47953.0,48698.0,50140.0,52194.0,55312.0
312,Mackay - Isaac - Whitsunday,53547.0,54741.0,57739.0,60193.0,62476.0
313,Moreton Bay - North,44664.0,45725.0,48065.0,49994.0,52979.0
314,Moreton Bay - South,53002.0,54085.0,56129.0,59021.0,62371.0
315,Queensland - Outback,48152.0,51525.0,53952.0,56558.0,57041.0
316,Sunshine Coast,42653.0,43484.0,46560.0,48779.0,51606.0
317,Toowoomba,47090.0,48259.0,51263.0,53261.0,55771.0
318,Townsville,51832.0,53277.0,55642.0,58031.0,60723.0
319,Wide Bay,37203.0,38495.0,41408.0,43207.0,44729.0
401,Adelaide - Central and Hills,51874.0,52169.0,54998.0,57789.0,59773.0
402,Adelaide - North,47522.0,48447.0,50255.0,52300.0,54960.0
403,Adelaide - South,49462.0,50400.0,52827.0,55167.0,57933.0
404,Adelaide - West,49398.0,50160.0,53211.0,56127.0,58859.0
405,Barossa - Yorke - Mid North,42600.0,43115.0,46019.0,48764.0,50740.0
406,South Australia - Outback,48559.0,48399.0,50188.0,52922.0,55708.0
407,South Australia - South East,40906.0,41529.0,44067.0,45628.0,46988.0
501,Bunbury,44271.0,45327.0,49703.0,51687.0,54043.0
502,Mandurah,46554.0,47725.0,50501.0,52417.0,55994.0
503,Perth - Inner,58917.0,59713.0,65959.0,69194.0,69221.0
504,Perth - North East,52529.0,54138.0,57280.0,60046.0,63063.0
505,Perth - North West,52389.0,53674.0,57392.0,60482.0,63451.0
506,Perth - South East,50830.0,51835.0,55000.0,58166.0,60936.0
507,Perth - South West,54225.0,55584.0,58782.0,61836.0,65119.0
509,Western Australia - Wheat Belt,45582.0,43823.0,46616.0,50353.0,53119.0
510,Western Australia - Outback (North),63312.0,66511.0,71599.0,72649.0,76808.0
511,Western Australia - Outback (South),53175.0,52853.0,56671.0,59816.0,62710.0
601,Hobart,47535.0,47830.0,50313.0,53324.0,56852.0
602,Launceston and North East,43488.0,44631.0,46917.0,49247.0,51598.0
603,South East,40046.0,40076.0,42823.0,44634.0,45743.0
604,West and North West,43369.0,44903.0,47010.0,48888.0,50851.0
701,Darwin,61336.0,61555.0,65736.0,69156.0,70961.0
702,Northern Territory - Outback,49203.0,50980.0,54830.0,56499.0,56199.0
801,Australian Capital Territory,64939.0,66706.0,69747.0,72122.0,75643.0
