code,name,earners,mean,median,median_age,sum
101,Capital Region,157358.0,68296.0,56436.0,45.0,10746948179.0
102,Central Coast,215553.0,68302.0,55037.0,43.0,14722638173.0
103,Central West,132086.0,65718.0,54786.0,43.0,8680363760.0
104,Coffs Harbour - Grafton,89713.0,56284.0,46137.0,45.0,5049427961.0
105,Far West and Orana,70390.0,62896.0,54600.0,41.0,4427268348.0
106,Hunter Valley exc Newcastle,183828.0,69443.0,56708.0,42.0,12765659679.0
107,Illawarra,201261.0,72365.0,58509.0,42.0,14564244456.0
108,Mid North Coast,133100.0,54898.0,44807.0,48.0,7306973810.0
109,Murray,83079.0,60247.0,50994.0,43.0,5005246817.0
110,New England and North West,114709.0,60313.0,51093.0,43.0,6918450186.0
111,Newcastle and Lake Macquarie,253354.0,73183.0,59817.0,41.0,18541147276.0
112,Richmond - Tweed,165795.0,59222.0,46189.0,45.0,9818692494.0
113,Riverina,106791.0,63319.0,55034.0,42.0,6761923393.0
114,Southern Highlands and Shoalhaven,98507.0,64721.0,49228.0,47.0,6375448417.0
115,Sydney - Baulkham Hills and Hawkesbury,187902.0,89875.0,68287.0,44.0,16887640448.0
116,Sydney - Blacktown,263116.0,70845.0,62523.0,39.0,18640550427.0
117,Sydney - City and Inner South,272125.0,92002.0,66300.0,35.0,25036133326.0
118,Sydney - Eastern Suburbs,205273.0,130658.0,74302.0,39.0,26820618131.0
119,Sydney - Inner South West,388261.0,67164.0,54206.0,39.0,26077255147.0
120,Sydney - Inner West,225216.0,93842.0,66738.0,39.0,21134612751.0
121,Sydney - North Sydney and Hornsby,313690.0,120673.0,74981.0,44.0,37853808142.0
122,Sydney - Northern Beaches,196185.0,108379.0,67898.0,45.0,21262249839.0
123,Sydney - Outer South West,188642.0,69282.0,61031.0,40.0,13069424858.0
124,Sydney - Outer West and Blue Mountains,213742.0,71471.0,62518.0,41.0,15276397195.0
125,Sydney - Parramatta,322403.0,66410.0,55020.0,37.0,21410910544.0
126,Sydney - Ryde,146723.0,90561.0,64713.0,41.0,13287314601.0
127,Sydney - South West,272395.0,64198.0,55601.0,39.0,17487307990.0
128,Sydney - Sutherland,160093.0,89697.0,69218.0,44.0,14359812873.0
201,Ballarat,108830.0,65250.0,53619.0,43.0,7101116049.0
202,Bendigo,106692.0,65090.0,54001.0,44.0,6944631168.0
203,Geelong,218144.0,71675.0,57549.0,42.0,15635472041.0
204,Hume,119801.0,60585.0,51800.0,46.0,7258107619.0
205,Latrobe - Gippsland,185609.0,60783.0,49567.0,45.0,11281838584.0
206,Melbourne - Inner,509494.0,92752.0,65785.0,35.0,47256655373.0
207,Melbourne - Inner East,271372.0,93427.0,59261.0,44.0,25353578571.0
208,Melbourne - Inner South,304943.0,99638.0,68110.0,44.0,30383875697.0
209,Melbourne - North East,360204.0,73750.0,60976.0,40.0,26565099393.0
210,Melbourne - North West,267440.0,68993.0,58100.0,39.0,18451491687.0
211,Melbourne - Outer East,350242.0,72289.0,59613.0,43.0,25318630390.0
212,Melbourne - South East,571661.0,65680.0,55238.0,39.0,37546907335.0
213,Melbourne - West,572272.0,68736.0,58476.0,38.0,39335485546.0
214,Mornington Peninsula,198183.0,72708.0,56563.0,45.0,14409506255.0
215,North West,101755.0,58504.0,48852.0,43.0,5953072491.0
216,Shepparton,87119.0,58435.0,49805.0,43.0,5090808040.0
217,Warrnambool and South West,85415.0,60952.0,51043.0,45.0,5206208145.0
301,Brisbane - East,163028.0,75942.0,62036.0,44.0,12380634592.0
302,Brisbane - North,159305.0,78187.0,65813.0,40.0,12455598366.0
303,Brisbane - South,270956.0,74256.0,59038.0,39.0,20120126683.0
304,Brisbane - West,133514.0,90730.0,66885.0,43.0,12113728120.0
305,Brisbane Inner City,239644.0,97384.0,66638.0,36.0,23337573069.0
306,Cairns,177365.0,61067.0,50814.0,42.0,10831204068.0
307,Darling Downs - Maranoa,83964.0,57634.0,48276.0,43.0,4839187613.0
308,Central Queensland,148920.0,74261.0,60577.0,41.0,11058978796.0
309,Gold Coast,462547.0,68813.0,53751.0,41.0,31829205632.0
310,Ipswich,235491.0,63664.0,57302.0,39.0,14992244353.0
311,Logan - Beaudesert,233490.0,61509.0,55312.0,39.0,14361728053.0
312,Mackay - Isaac - Whitsunday,127409.0,77181.0,62476.0,41.0,9833514459.0
313,Moreton Bay - North,168388.0,61693.0,52979.0,42.0,10388334243.0
314,Moreton Bay - South,149912.0,72882.0,62371.0,41.0,10925921160.0
315,Queensland - Outback,48341.0,67410.0,57041.0,39.0,3258670377.0
316,Sunshine Coast,283056.0,67373.0,51606.0,44.0,19070389827.0
317,Toowoomba,107424.0,66541.0,55771.0,40.0,7148050294.0
318,Townsville,155448.0,69848.0,60723.0,41.0,10857658844.0
319,Wide Bay,181756.0,54121.0,44729.0,46.0,9836729707.0
401,Adelaide - Central and Hills,225228.0,81853.0,59773.0,43.0,18435699698.0
402,Adelaide - North,284991.0,60196.0,54960.0,39.0,17155408312.0
403,Adelaide - South,247624.0,68903.0,57933.0,43.0,17062133802.0
404,Adelaide - West,165834.0,68634.0,58859.0,40.0,11381920482.0
405,Barossa - Yorke - Mid North,69582.0,62408.0,50740.0,47.0,4342439895.0
406,South Australia - Outback,49507.0,68144.0,55708.0,43.0,3373585745.0
407,South Australia - South East,121919.0,55149.0,46988.0,46.0,6723670193.0
501,Bunbury,133120.0,69871.0,54043.0,44.0,9301233274.0
502,Mandurah,69697.0,74392.0,55994.0,45.0,5184919705.0
503,Perth - Inner,148183.0,133052.0,69221.0,40.0,19716082676.0
504,Perth - North East,196257.0,75332.0,63063.0,40.0,14784382338.0
505,Perth - North West,411930.0,80102.0,63451.0,41.0,32996489268.0
506,Perth - South East,376813.0,74744.0,60936.0,39.0,28164600158.0
507,Perth - South West,314821.0,82826.0,65119.0,41.0,26075452585.0
509,Western Australia - Wheat Belt,94068.0,68363.0,53119.0,46.0,6430773379.0
510,Western Australia - Outback (North),55292.0,90142.0,76808.0,38.0,4984110111.0
511,Western Australia - Outback (South),78737.0,78066.0,62710.0,42.0,6146663507.0
601,Hobart,163341.0,67113.0,56852.0,41.0,10962261853.0
602,Launceston and North East,95975.0,61346.0,51598.0,43.0,5887680650.0
603,South East,25900.0,53710.0,45743.0,47.0,1391100061.0
604,West and North West,71612.0,59364.0,50851.0,43.0,4251185899.0
701,Darwin,104448.0,80235.0,70961.0,38.0,8380347388.0
702,Northern Territory - Outback,44740.0,67713.0,56199.0,38.0,3029458924.0
801,Australian Capital Territory,331793.0,87959.0,75643.0,40.0,29184238644.0
