year,course_level,institution,metric,value,ci_low,ci_high
2025,UG,Australian Catholic University,salary,76900.0,75100.0,78600.0
2024,UG,Australian Catholic University,salary,74000.0,72400.0,75600.0
2023,UG,Australian Catholic University,salary,70000.0,69200.0,70800.0
2022,UG,Australian Catholic University,salary,68700.0,67500.0,70000.0
2021,UG,Australian Catholic University,salary,65400.0,64300.0,66500.0
2025,UG,Avondale University,salary,75300.0,71700.0,78900.0
2024,UG,Avondale University,salary,73100.0,72000.0,74100.0
2023,UG,Avondale University,salary,71000.0,68300.0,73600.0
2025,UG,Bond University,salary,73500.0,68200.0,78800.0
2024,UG,Bond University,salary,71400.0,70100.0,72700.0
2023,UG,Bond University,salary,60300.0,56000.0,64600.0
2022,UG,Bond University,salary,63400.0,58200.0,68700.0
2021,UG,Bond University,salary,60000.0,54500.0,65500.0
2025,UG,Central Queensland University,salary,85000.0,83600.0,86400.0
2024,UG,Central Queensland University,salary,81500.0,79900.0,83000.0
2023,UG,Central Queensland University,salary,78300.0,77200.0,79300.0
2022,UG,Central Queensland University,salary,73100.0,71900.0,74200.0
2021,UG,Central Queensland University,salary,70000.0,67600.0,72400.0
2025,UG,Charles Darwin University,salary,80000.0,77700.0,82300.0
2024,UG,Charles Darwin University,salary,78000.0,76100.0,79900.0
2023,UG,Charles Darwin University,salary,75000.0,73100.0,76900.0
2022,UG,Charles Darwin University,salary,73100.0,71100.0,75000.0
2021,UG,Charles Darwin University,salary,70000.0,66700.0,73300.0
2025,UG,Charles Sturt University,salary,80000.0,79100.0,80900.0
2024,UG,Charles Sturt University,salary,77300.0,75900.0,78800.0
2023,UG,Charles Sturt University,salary,75700.0,74500.0,76800.0
2022,UG,Charles Sturt University,salary,72800.0,71700.0,73900.0
2021,UG,Charles Sturt University,salary,70000.0,69100.0,70900.0
2025,UG,Curtin University,salary,80000.0,78500.0,81500.0
2024,UG,Curtin University,salary,77900.0,76900.0,78900.0
2023,UG,Curtin University,salary,75000.0,73800.0,76200.0
2022,UG,Curtin University,salary,71000.0,69500.0,72500.0
2021,UG,Curtin University,salary,70000.0,68700.0,71300.0
2025,UG,Deakin University,salary,75000.0,74100.0,75900.0
2024,UG,Deakin University,salary,73000.0,71900.0,74100.0
2023,UG,Deakin University,salary,69300.0,67900.0,70700.0
2022,UG,Deakin University,salary,65200.0,64400.0,66100.0
2021,UG,Deakin University,salary,65000.0,63600.0,66400.0
2025,UG,Edith Cowan University,salary,81400.0,79500.0,83300.0
2024,UG,Edith Cowan University,salary,79300.0,77700.0,80900.0
2023,UG,Edith Cowan University,salary,72000.0,70400.0,73600.0
2022,UG,Edith Cowan University,salary,70000.0,69100.0,70900.0
2021,UG,Edith Cowan University,salary,69000.0,67000.0,70900.0
2025,UG,Federation University Australia,salary,79300.0,77300.0,81300.0
2024,UG,Federation University Australia,salary,77000.0,75400.0,78600.0
2023,UG,Federation University Australia,salary,71400.0,66900.0,75900.0
2022,UG,Federation University Australia,salary,68200.0,65600.0,70900.0
2021,UG,Federation University Australia,salary,67400.0,63100.0,71700.0
2025,UG,Flinders University,salary,78300.0,76100.0,80400.0
2024,UG,Flinders University,salary,75700.0,74000.0,77300.0
2023,UG,Flinders University,salary,70000.0,68700.0,71300.0
2022,UG,Flinders University,salary,67000.0,65100.0,69000.0
2021,UG,Flinders University,salary,66000.0,64100.0,67900.0
2025,UG,Griffith University,salary,77800.0,75900.0,79700.0
2024,UG,Griffith University,salary,75000.0,73900.0,76100.0
2023,UG,Griffith University,salary,70000.0,69300.0,70700.0
2022,UG,Griffith University,salary,65000.0,64100.0,65900.0
2021,UG,Griffith University,salary,61100.0,59100.0,63100.0
2025,UG,James Cook University,salary,80000.0,77300.0,82700.0
2024,UG,James Cook University,salary,77800.0,75700.0,79900.0
2023,UG,James Cook University,salary,73100.0,70600.0,75500.0
2022,UG,James Cook University,salary,69500.0,67500.0,71500.0
2021,UG,James Cook University,salary,67000.0,65000.0,69000.0
2025,UG,La Trobe University,salary,73400.0,71700.0,75100.0
2024,UG,La Trobe University,salary,71000.0,69100.0,72900.0
2023,UG,La Trobe University,salary,69400.0,68700.0,70100.0
2022,UG,La Trobe University,salary,67000.0,65500.0,68500.0
2021,UG,La Trobe University,salary,61500.0,59800.0,63200.0
2025,UG,Macquarie University,salary,72500.0,70600.0,74400.0
2024,UG,Macquarie University,salary,70000.0,68900.0,71100.0
2023,UG,Macquarie University,salary,70000.0,69500.0,70500.0
2022,UG,Macquarie University,salary,65200.0,64200.0,66200.0
2021,UG,Macquarie University,salary,62000.0,60100.0,63900.0
2025,UG,Monash University,salary,75200.0,74000.0,76500.0
2024,UG,Monash University,salary,73000.0,71700.0,74400.0
2023,UG,Monash University,salary,73000.0,72100.0,73900.0
2022,UG,Monash University,salary,67000.0,65700.0,68300.0
2021,UG,Monash University,salary,64400.0,63200.0,65600.0
2025,UG,Murdoch University,salary,80000.0,77700.0,82300.0
2024,UG,Murdoch University,salary,77300.0,75700.0,79000.0
2023,UG,Murdoch University,salary,71100.0,69100.0,73100.0
2022,UG,Murdoch University,salary,70000.0,68700.0,71300.0
2021,UG,Murdoch University,salary,65400.0,63500.0,67400.0
2025,UG,Queensland University of Technology,salary,77000.0,75300.0,78700.0
2024,UG,Queensland University of Technology,salary,75000.0,74900.0,75100.0
2023,UG,Queensland University of Technology,salary,70400.0,69600.0,71300.0
2022,UG,Queensland University of Technology,salary,65000.0,64800.0,65200.0
2021,UG,Queensland University of Technology,salary,62600.0,61700.0,63600.0
2025,UG,RMIT University,salary,70000.0,69200.0,70800.0
2024,UG,RMIT University,salary,69600.0,66400.0,72700.0
2023,UG,RMIT University,salary,66800.0,65400.0,68200.0
2022,UG,RMIT University,salary,64700.0,63400.0,66000.0
2021,UG,RMIT University,salary,60000.0,59500.0,60500.0
2025,UG,Southern Cross University,salary,77300.0,75300.0,79200.0
2024,UG,Southern Cross University,salary,75000.0,74100.0,75900.0
2023,UG,Southern Cross University,salary,72500.0,70400.0,74600.0
2022,UG,Southern Cross University,salary,71000.0,69300.0,72700.0
2021,UG,Southern Cross University,salary,67100.0,64700.0,69600.0
2025,UG,Swinburne University of Technology,salary,78400.0,77000.0,79700.0
2024,UG,Swinburne University of Technology,salary,76000.0,75000.0,77000.0
2023,UG,Swinburne University of Technology,salary,72000.0,70300.0,73700.0
2022,UG,Swinburne University of Technology,salary,70000.0,68900.0,71100.0
2021,UG,Swinburne University of Technology,salary,67900.0,65800.0,70000.0
2025,UG,The Australian National University,salary,79100.0,77700.0,80500.0
2024,UG,The Australian National University,salary,76800.0,75100.0,78500.0
2023,UG,The Australian National University,salary,72000.0,70800.0,73200.0
2022,UG,The Australian National University,salary,68000.0,67400.0,68600.0
2021,UG,The Australian National University,salary,65000.0,64100.0,65900.0
2025,UG,The University of Adelaide,salary,75000.0,73700.0,76300.0
2024,UG,The University of Adelaide,salary,72900.0,70700.0,75100.0
2023,UG,The University of Adelaide,salary,70000.0,68100.0,71900.0
2022,UG,The University of Adelaide,salary,65000.0,63900.0,66100.0
2021,UG,The University of Adelaide,salary,65000.0,63500.0,66500.0
2025,UG,The University of Melbourne,salary,69200.0,67800.0,70600.0
2024,UG,The University of Melbourne,salary,68500.0,67400.0,69600.0
2023,UG,The University of Melbourne,salary,65300.0,64000.0,66600.0
2022,UG,The University of Melbourne,salary,63900.0,62500.0,65300.0
2021,UG,The University of Melbourne,salary,60000.0,59600.0,60400.0
2025,UG,The University of Notre Dame Australia,salary,76000.0,73700.0,78300.0
2024,UG,The University of Notre Dame Australia,salary,73300.0,72200.0,74300.0
2023,UG,The University of Notre Dame Australia,salary,70000.0,69100.0,70900.0
2022,UG,The University of Notre Dame Australia,salary,68900.0,67700.0,70100.0
2021,UG,The University of Notre Dame Australia,salary,67600.0,66800.0,68400.0
2025,UG,The University of Queensland,salary,78000.0,76900.0,79100.0
2024,UG,The University of Queensland,salary,75000.0,73000.0,77000.0
2023,UG,The University of Queensland,salary,70900.0,70100.0,71700.0
2022,UG,The University of Queensland,salary,67000.0,65900.0,68100.0
2021,UG,The University of Queensland,salary,63400.0,62500.0,64400.0
2025,UG,The University of South Australia,salary,75300.0,73700.0,77000.0
2024,UG,The University of South Australia,salary,73100.0,71500.0,74600.0
2023,UG,The University of South Australia,salary,69400.0,68700.0,70100.0
2022,UG,The University of South Australia,salary,65500.0,64300.0,66600.0
2021,UG,The University of South Australia,salary,64700.0,63300.0,66100.0
2025,UG,The University of Sydney,salary,76000.0,74900.0,77100.0
2024,UG,The University of Sydney,salary,73200.0,70800.0,75700.0
2023,UG,The University of Sydney,salary,70000.0,69200.0,70800.0
2022,UG,The University of Sydney,salary,69100.0,68300.0,69800.0
2021,UG,The University of Sydney,salary,65000.0,64500.0,65500.0
2025,UG,The University of Western Australia,salary,74000.0,72300.0,75600.0
2024,UG,The University of Western Australia,salary,72700.0,70200.0,75200.0
2023,UG,The University of Western Australia,salary,67300.0,65700.0,68900.0
2022,UG,The University of Western Australia,salary,62800.0,60500.0,65100.0
2021,UG,The University of Western Australia,salary,60000.0,58600.0,61400.0
2025,UG,Torrens University,salary,67800.0,64100.0,71600.0
2024,UG,Torrens University,salary,65000.0,62800.0,67200.0
2023,UG,Torrens University,salary,62600.0,59100.0,66200.0
2022,UG,Torrens University,salary,58200.0,55600.0,60800.0
2021,UG,Torrens University,salary,60000.0,58300.0,61700.0
2025,UG,University of Canberra,salary,76300.0,74100.0,78600.0
2024,UG,University of Canberra,salary,73500.0,71900.0,75200.0
2023,UG,University of Canberra,salary,71000.0,69700.0,72200.0
2022,UG,University of Canberra,salary,70000.0,68600.0,71400.0
2021,UG,University of Canberra,salary,68600.0,66500.0,70700.0
2025,UG,University of New England,salary,86100.0,83700.0,88500.0
2024,UG,University of New England,salary,81600.0,78400.0,84900.0
2023,UG,University of New England,salary,75300.0,73400.0,77300.0
2022,UG,University of New England,salary,74000.0,72700.0,75300.0
2021,UG,University of New England,salary,72000.0,70600.0,73400.0
2025,UG,University of New South Wales,salary,79000.0,77700.0,80300.0
2024,UG,University of New South Wales,salary,76200.0,74000.0,78300.0
2023,UG,University of New South Wales,salary,75000.0,74000.0,76000.0
2022,UG,University of New South Wales,salary,70000.0,69400.0,70600.0
2021,UG,University of New South Wales,salary,68000.0,66700.0,69300.0
2025,UG,University of Newcastle,salary,78300.0,76400.0,80100.0
2024,UG,University of Newcastle,salary,75000.0,73900.0,76100.0
2023,UG,University of Newcastle,salary,71000.0,70200.0,71700.0
2022,UG,University of Newcastle,salary,68900.0,68100.0,69600.0
2021,UG,University of Newcastle,salary,65700.0,64600.0,66900.0
2025,UG,University of Southern Queensland,salary,87100.0,84700.0,89400.0
2024,UG,University of Southern Queensland,salary,82900.0,81400.0,84400.0
2023,UG,University of Southern Queensland,salary,80000.0,79000.0,81000.0
2022,UG,University of Southern Queensland,salary,75000.0,74000.0,76000.0
2021,UG,University of Southern Queensland,salary,72000.0,71000.0,73000.0
2025,UG,University of Tasmania,salary,80900.0,79100.0,82600.0
2024,UG,University of Tasmania,salary,78300.0,77000.0,79500.0
2023,UG,University of Tasmania,salary,78000.0,75900.0,80100.0
2022,UG,University of Tasmania,salary,78300.0,75500.0,81000.0
2021,UG,University of Tasmania,salary,70000.0,68600.0,71400.0
2025,UG,University of Technology Sydney,salary,74000.0,72500.0,75500.0
2024,UG,University of Technology Sydney,salary,72800.0,71200.0,74400.0
2023,UG,University of Technology Sydney,salary,70000.0,69100.0,70900.0
2022,UG,University of Technology Sydney,salary,65000.0,64800.0,65200.0
2021,UG,University of Technology Sydney,salary,62600.0,61800.0,63400.0
2025,UG,University of the Sunshine Coast,salary,78300.0,76200.0,80400.0
2024,UG,University of the Sunshine Coast,salary,75000.0,73700.0,76300.0
2023,UG,University of the Sunshine Coast,salary,70000.0,68900.0,71100.0
2022,UG,University of the Sunshine Coast,salary,65200.0,63500.0,67000.0
2021,UG,University of the Sunshine Coast,salary,61700.0,59100.0,64300.0
2025,UG,University of Wollongong,salary,75000.0,73400.0,76600.0
2024,UG,University of Wollongong,salary,72900.0,71500.0,74200.0
2023,UG,University of Wollongong,salary,70000.0,69200.0,70800.0
2022,UG,University of Wollongong,salary,67800.0,66000.0,69600.0
2021,UG,University of Wollongong,salary,63400.0,62200.0,64700.0
2025,UG,Victoria University,salary,73100.0,71100.0,75000.0
2024,UG,Victoria University,salary,70000.0,69100.0,70900.0
2023,UG,Victoria University,salary,69400.0,67200.0,71600.0
2022,UG,Victoria University,salary,66300.0,63600.0,68900.0
2021,UG,Victoria University,salary,67400.0,65300.0,69500.0
2025,UG,Western Sydney University,salary,75100.0,74400.0,75800.0
2024,UG,Western Sydney University,salary,73000.0,68300.0,77700.0
2023,UG,Western Sydney University,salary,69400.0,68400.0,70400.0
2022,UG,Western Sydney University,salary,67000.0,65600.0,68500.0
2021,UG,Western Sydney University,salary,64700.0,63900.0,65500.0
2025,PGC,Australian Catholic University,salary,98500.0,94500.0,102500.0
2024,PGC,Australian Catholic University,salary,96000.0,87300.0,104700.0
2023,PGC,Australian Catholic University,salary,94400.0,90300.0,98500.0
2022,PGC,Australian Catholic University,salary,90000.0,86900.0,93100.0
2021,PGC,Australian Catholic University,salary,88600.0,85900.0,91300.0
2021,PGC,Avondale University,salary,75100.0,70600.0,79700.0
2025,PGC,Bond University,salary,90000.0,83000.0,97000.0
2024,PGC,Bond University,salary,90000.0,77200.0,102800.0
2023,PGC,Bond University,salary,80900.0,78400.0,83400.0
2022,PGC,Bond University,salary,78700.0,74600.0,82700.0
2021,PGC,Bond University,salary,95000.0,86400.0,103500.0
2025,PGC,Central Queensland University,salary,118400.0,111200.0,125700.0
2024,PGC,Central Queensland University,salary,112900.0,109300.0,116400.0
2023,PGC,Central Queensland University,salary,109900.0,103800.0,115900.0
2022,PGC,Central Queensland University,salary,91600.0,86600.0,96600.0
2021,PGC,Central Queensland University,salary,99100.0,93800.0,104400.0
2025,PGC,Charles Darwin University,salary,107000.0,95800.0,118200.0
2024,PGC,Charles Darwin University,salary,102100.0,95400.0,108800.0
2023,PGC,Charles Darwin University,salary,90700.0,80400.0,100900.0
2022,PGC,Charles Darwin University,salary,93000.0,86200.0,99700.0
2021,PGC,Charles Darwin University,salary,100000.0,97900.0,102100.0
2025,PGC,Charles Sturt University,salary,109300.0,106600.0,112000.0
2024,PGC,Charles Sturt University,salary,105000.0,97100.0,112800.0
2023,PGC,Charles Sturt University,salary,106000.0,103000.0,109000.0
2022,PGC,Charles Sturt University,salary,100000.0,97300.0,102700.0
2021,PGC,Charles Sturt University,salary,87800.0,82900.0,92600.0
2025,PGC,Curtin University,salary,103300.0,99300.0,107300.0
2024,PGC,Curtin University,salary,99100.0,93200.0,105100.0
2023,PGC,Curtin University,salary,93000.0,87300.0,98700.0
2022,PGC,Curtin University,salary,81800.0,78000.0,85600.0
2021,PGC,Curtin University,salary,91600.0,89100.0,94100.0
2025,PGC,Deakin University,salary,100000.0,97900.0,102100.0
2024,PGC,Deakin University,salary,96100.0,92900.0,99200.0
2023,PGC,Deakin University,salary,98100.0,95300.0,100900.0
2022,PGC,Deakin University,salary,94800.0,91900.0,97600.0
2021,PGC,Deakin University,salary,90000.0,85900.0,94100.0
2025,PGC,Edith Cowan University,salary,110000.0,106200.0,113800.0
2024,PGC,Edith Cowan University,salary,107200.0,103800.0,110700.0
2023,PGC,Edith Cowan University,salary,97000.0,92800.0,101200.0
2022,PGC,Edith Cowan University,salary,98000.0,94300.0,101700.0
2021,PGC,Edith Cowan University,salary,98000.0,91500.0,104500.0
2025,PGC,Federation University Australia,salary,104400.0,97700.0,111000.0
2024,PGC,Federation University Australia,salary,101000.0,100000.0,102000.0
2023,PGC,Federation University Australia,salary,94500.0,86700.0,102200.0
2022,PGC,Federation University Australia,salary,92900.0,85600.0,100100.0
2021,PGC,Federation University Australia,salary,89000.0,85700.0,92300.0
2025,PGC,Flinders University,salary,104400.0,101900.0,106800.0
2024,PGC,Flinders University,salary,100000.0,97900.0,102100.0
2023,PGC,Flinders University,salary,93900.0,91100.0,96700.0
2022,PGC,Flinders University,salary,91200.0,88100.0,94300.0
2021,PGC,Flinders University,salary,86000.0,82500.0,89500.0
2025,PGC,Griffith University,salary,101600.0,98400.0,104800.0
2024,PGC,Griffith University,salary,98000.0,92700.0,103300.0
2023,PGC,Griffith University,salary,95000.0,91000.0,99000.0
2022,PGC,Griffith University,salary,89200.0,86800.0,91600.0
2021,PGC,Griffith University,salary,108800.0,104400.0,113100.0
2025,PGC,James Cook University,salary,119800.0,114500.0,125100.0
2024,PGC,James Cook University,salary,116700.0,109800.0,123500.0
2023,PGC,James Cook University,salary,108100.0,104000.0,112300.0
2022,PGC,James Cook University,salary,104400.0,99600.0,109100.0
2021,PGC,James Cook University,salary,83500.0,79600.0,87400.0
2025,PGC,La Trobe University,salary,104400.0,101800.0,106900.0
2024,PGC,La Trobe University,salary,100000.0,95900.0,104100.0
2023,PGC,La Trobe University,salary,90000.0,85100.0,94900.0
2022,PGC,La Trobe University,salary,81300.0,76900.0,85800.0
2021,PGC,La Trobe University,salary,98000.0,93300.0,102700.0
2025,PGC,Macquarie University,salary,103000.0,96900.0,109100.0
2024,PGC,Macquarie University,salary,99100.0,90400.0,107900.0
2023,PGC,Macquarie University,salary,95000.0,89900.0,100100.0
2022,PGC,Macquarie University,salary,97500.0,91500.0,103500.0
2021,PGC,Macquarie University,salary,87000.0,84900.0,89100.0
2025,PGC,Monash University,salary,100200.0,98000.0,102300.0
2024,PGC,Monash University,salary,96500.0,92100.0,100900.0
2023,PGC,Monash University,salary,91000.0,88500.0,93500.0
2022,PGC,Monash University,salary,90000.0,87800.0,92200.0
2021,PGC,Monash University,salary,86900.0,79800.0,94100.0
2025,PGC,Murdoch University,salary,109600.0,94800.0,124300.0
2024,PGC,Murdoch University,salary,105700.0,100000.0,111400.0
2023,PGC,Murdoch University,salary,98200.0,92000.0,104400.0
2022,PGC,Murdoch University,salary,81000.0,76600.0,85400.0
2021,PGC,Murdoch University,salary,97200.0,93800.0,100500.0
2025,PGC,Queensland University of Technology,salary,117200.0,113200.0,121200.0
2024,PGC,Queensland University of Technology,salary,110000.0,97500.0,122500.0
2023,PGC,Queensland University of Technology,salary,105000.0,102700.0,107300.0
2022,PGC,Queensland University of Technology,salary,100000.0,96700.0,103300.0
2021,PGC,Queensland University of Technology,salary,82000.0,79000.0,85000.0
2025,PGC,RMIT University,salary,106400.0,102400.0,110500.0
2024,PGC,RMIT University,salary,101700.0,97000.0,106500.0
2023,PGC,RMIT University,salary,98000.0,94600.0,101500.0
2022,PGC,RMIT University,salary,90000.0,87900.0,92100.0
2021,PGC,RMIT University,salary,104400.0,97000.0,111700.0
2025,PGC,Southern Cross University,salary,111300.0,102900.0,119700.0
2024,PGC,Southern Cross University,salary,107200.0,100200.0,114300.0
2023,PGC,Southern Cross University,salary,110000.0,103900.0,116100.0
2022,PGC,Southern Cross University,salary,100000.0,95800.0,104200.0
2021,PGC,Southern Cross University,salary,85100.0,80000.0,90100.0
2025,PGC,Swinburne University of Technology,salary,90000.0,86900.0,93100.0
2024,PGC,Swinburne University of Technology,salary,85500.0,80700.0,90300.0
2023,PGC,Swinburne University of Technology,salary,90000.0,84200.0,95800.0
2022,PGC,Swinburne University of Technology,salary,94000.0,89000.0,99000.0
2021,PGC,Swinburne University of Technology,salary,87500.0,82600.0,92400.0
2025,PGC,The Australian National University,salary,105000.0,100800.0,109200.0
2024,PGC,The Australian National University,salary,101600.0,98200.0,105100.0
2023,PGC,The Australian National University,salary,96400.0,92300.0,100500.0
2022,PGC,The Australian National University,salary,94500.0,89200.0,99800.0
2021,PGC,The Australian National University,salary,80000.0,75600.0,84400.0
2025,PGC,The University of Adelaide,salary,101300.0,98300.0,104300.0
2024,PGC,The University of Adelaide,salary,97900.0,94200.0,101600.0
2023,PGC,The University of Adelaide,salary,85000.0,79700.0,90300.0
2022,PGC,The University of Adelaide,salary,83000.0,78600.0,87400.0
2021,PGC,The University of Adelaide,salary,84800.0,82700.0,86900.0
2025,PGC,The University of Melbourne,salary,98500.0,96500.0,100400.0
2024,PGC,The University of Melbourne,salary,94000.0,91600.0,96300.0
2023,PGC,The University of Melbourne,salary,88000.0,85600.0,90400.0
2022,PGC,The University of Melbourne,salary,88000.0,85700.0,90300.0
2021,PGC,The University of Melbourne,salary,81600.0,76900.0,86400.0
2025,PGC,The University of Notre Dame Australia,salary,118000.0,102900.0,133100.0
2024,PGC,The University of Notre Dame Australia,salary,112000.0,108100.0,115900.0
2023,PGC,The University of Notre Dame Australia,salary,90000.0,83000.0,97000.0
2022,PGC,The University of Notre Dame Australia,salary,87500.0,81400.0,93500.0
2021,PGC,The University of Notre Dame Australia,salary,87800.0,83000.0,92600.0
2025,PGC,The University of Queensland,salary,102000.0,97500.0,106500.0
2024,PGC,The University of Queensland,salary,98000.0,91700.0,104300.0
2023,PGC,The University of Queensland,salary,88900.0,85100.0,92600.0
2022,PGC,The University of Queensland,salary,88400.0,84700.0,92100.0
2021,PGC,The University of Queensland,salary,90000.0,86900.0,93100.0
2025,PGC,The University of South Australia,salary,107000.0,103100.0,110900.0
2024,PGC,The University of South Australia,salary,102000.0,97800.0,106200.0
2023,PGC,The University of South Australia,salary,98000.0,93600.0,102400.0
2022,PGC,The University of South Australia,salary,93200.0,89800.0,96700.0
2021,PGC,The University of South Australia,salary,90000.0,86700.0,93300.0
2025,PGC,The University of Sydney,salary,100000.0,95800.0,104100.0
2024,PGC,The University of Sydney,salary,96000.0,92300.0,99700.0
2023,PGC,The University of Sydney,salary,96000.0,92400.0,99600.0
2022,PGC,The University of Sydney,salary,91300.0,87800.0,94800.0
2021,PGC,The University of Sydney,salary,80000.0,77700.0,82300.0
2025,PGC,The University of Western Australia,salary,95000.0,89300.0,100700.0
2024,PGC,The University of Western Australia,salary,90500.0,86000.0,95000.0
2023,PGC,The University of Western Australia,salary,86900.0,83800.0,90000.0
2022,PGC,The University of Western Australia,salary,82000.0,78800.0,85200.0
2021,PGC,The University of Western Australia,salary,93900.0,86200.0,101700.0
2025,PGC,Torrens University,salary,109000.0,100100.0,118000.0
2024,PGC,Torrens University,salary,104000.0,100200.0,107800.0
2023,PGC,Torrens University,salary,100000.0,92100.0,107900.0
2022,PGC,Torrens University,salary,96000.0,88600.0,103400.0
2021,PGC,Torrens University,salary,95000.0,88900.0,101100.0
2025,PGC,University of Canberra,salary,104400.0,99500.0,109200.0
2024,PGC,University of Canberra,salary,100000.0,95200.0,104800.0
2023,PGC,University of Canberra,salary,84600.0,82200.0,86900.0
2022,PGC,University of Canberra,salary,82000.0,76600.0,87400.0
2021,PGC,University of Canberra,salary,80000.0,66600.0,93400.0
2025,PGC,University of Divinity,salary,90000.0,80000.0,100000.0
2024,PGC,University of Divinity,salary,85000.0,80800.0,89200.0
2023,PGC,University of Divinity,salary,85000.0,76900.0,93100.0
2022,PGC,University of Divinity,salary,72000.0,63200.0,80800.0
2021,PGC,University of Divinity,salary,87000.0,83400.0,90600.0
2025,PGC,University of New England,salary,100200.0,95800.0,104600.0
2024,PGC,University of New England,salary,96100.0,91900.0,100200.0
2023,PGC,University of New England,salary,87800.0,81800.0,93800.0
2022,PGC,University of New England,salary,90000.0,86100.0,93900.0
2021,PGC,University of New England,salary,110000.0,105500.0,114500.0
2025,PGC,University of New South Wales,salary,135000.0,131600.0,138400.0
2024,PGC,University of New South Wales,salary,128600.0,125000.0,132100.0
2023,PGC,University of New South Wales,salary,120000.0,117900.0,122100.0
2022,PGC,University of New South Wales,salary,117000.0,113700.0,120300.0
2021,PGC,University of New South Wales,salary,96500.0,93500.0,99600.0
2025,PGC,University of Newcastle,salary,119000.0,115100.0,122900.0
2024,PGC,University of Newcastle,salary,114500.0,108200.0,120800.0
2023,PGC,University of Newcastle,salary,105000.0,100700.0,109300.0
2022,PGC,University of Newcastle,salary,104400.0,100600.0,108100.0
2021,PGC,University of Newcastle,salary,96800.0,92100.0,101600.0
2025,PGC,University of Southern Queensland,salary,109100.0,105600.0,112500.0
2024,PGC,University of Southern Queensland,salary,104200.0,99400.0,109000.0
2023,PGC,University of Southern Queensland,salary,105500.0,100300.0,110600.0
2022,PGC,University of Southern Queensland,salary,98900.0,95600.0,102100.0
2021,PGC,University of Southern Queensland,salary,90000.0,88600.0,91400.0
2025,PGC,University of Tasmania,salary,104700.0,103500.0,105900.0
2024,PGC,University of Tasmania,salary,101100.0,99300.0,102900.0
2023,PGC,University of Tasmania,salary,100200.0,98700.0,101700.0
2022,PGC,University of Tasmania,salary,92000.0,90200.0,93800.0
2021,PGC,University of Tasmania,salary,84900.0,81100.0,88800.0
2025,PGC,University of Technology Sydney,salary,104400.0,100900.0,107800.0
2024,PGC,University of Technology Sydney,salary,100000.0,95300.0,104700.0
2023,PGC,University of Technology Sydney,salary,95200.0,91200.0,99200.0
2022,PGC,University of Technology Sydney,salary,90000.0,86300.0,93700.0
2021,PGC,University of Technology Sydney,salary,81700.0,72800.0,90700.0
2025,PGC,University of the Sunshine Coast,salary,98000.0,89600.0,106400.0
2024,PGC,University of the Sunshine Coast,salary,93900.0,88100.0,99700.0
2023,PGC,University of the Sunshine Coast,salary,81300.0,69000.0,93600.0
2022,PGC,University of the Sunshine Coast,salary,80000.0,73700.0,86300.0
2021,PGC,University of the Sunshine Coast,salary,93900.0,89600.0,98200.0
2025,PGC,University of Wollongong,salary,115000.0,107800.0,122200.0
2024,PGC,University of Wollongong,salary,109000.0,101800.0,116200.0
2023,PGC,University of Wollongong,salary,106100.0,100800.0,111400.0
2022,PGC,University of Wollongong,salary,99600.0,95400.0,103800.0
2021,PGC,University of Wollongong,salary,80000.0,73000.0,87000.0
2025,PGC,Victoria University,salary,100000.0,96300.0,103700.0
2024,PGC,Victoria University,salary,96000.0,91300.0,100700.0
2023,PGC,Victoria University,salary,93900.0,89800.0,98000.0
2022,PGC,Victoria University,salary,90500.0,86800.0,94100.0
2021,PGC,Victoria University,salary,80000.0,75300.0,84700.0
2025,PGC,Western Sydney University,salary,97700.0,94500.0,100900.0
2024,PGC,Western Sydney University,salary,91500.0,87300.0,95600.0
2023,PGC,Western Sydney University,salary,85000.0,78600.0,91400.0
2022,PGC,Western Sydney University,salary,80100.0,75600.0,84700.0
2025,UG,Australian Catholic University,fte,80.6,78.5,82.6
2024,UG,Australian Catholic University,fte,78.8,76.9,80.6
2023,UG,Australian Catholic University,fte,82.7,80.9,84.2
2022,UG,Australian Catholic University,fte,82.5,80.7,84.0
2021,UG,Australian Catholic University,fte,73.6,72.0,75.2
2025,UG,Avondale University,fte,88.0,79.5,92.6
2024,UG,Avondale University,fte,86.8,84.2,88.9
2023,UG,Avondale University,fte,97.7,90.2,99.5
2022,UG,Avondale University,fte,77.4,64.2,86.2
2025,UG,Bond University,fte,66.7,58.7,73.6
2024,UG,Bond University,fte,62.9,60.1,65.6
2023,UG,Bond University,fte,79.2,72.3,84.5
2022,UG,Bond University,fte,72.2,64.0,78.8
2021,UG,Bond University,fte,67.3,60.8,72.9
2025,UG,Central Queensland University,fte,86.1,84.1,87.8
2024,UG,Central Queensland University,fte,86.1,84.4,87.6
2023,UG,Central Queensland University,fte,86.2,84.2,87.9
2022,UG,Central Queensland University,fte,86.9,85.0,88.6
2021,UG,Central Queensland University,fte,83.4,80.9,85.6
2025,UG,Charles Darwin University,fte,84.8,82.1,87.0
2024,UG,Charles Darwin University,fte,84.1,82.1,85.9
2023,UG,Charles Darwin University,fte,85.9,83.3,88.0
2022,UG,Charles Darwin University,fte,80.4,77.6,82.9
2021,UG,Charles Darwin University,fte,76.5,73.5,79.2
2025,UG,Charles Sturt University,fte,90.6,89.1,91.8
2024,UG,Charles Sturt University,fte,89.1,87.7,90.4
2023,UG,Charles Sturt University,fte,91.2,89.9,92.4
2022,UG,Charles Sturt University,fte,90.7,89.4,91.8
2021,UG,Charles Sturt University,fte,84.6,82.9,86.1
2025,UG,Curtin University,fte,81.7,79.7,83.6
2024,UG,Curtin University,fte,80.1,77.9,82.1
2023,UG,Curtin University,fte,80.9,78.9,82.7
2022,UG,Curtin University,fte,82.2,80.5,83.9
2021,UG,Curtin University,fte,70.1,68.1,72.1
2025,UG,Deakin University,fte,75.3,73.6,76.9
2024,UG,Deakin University,fte,74.7,71.6,77.4
2023,UG,Deakin University,fte,80.1,78.7,81.5
2022,UG,Deakin University,fte,79.7,78.4,81.0
2021,UG,Deakin University,fte,67.7,65.9,69.3
2025,UG,Edith Cowan University,fte,73.4,70.7,76.0
2024,UG,Edith Cowan University,fte,72.1,69.5,74.5
2023,UG,Edith Cowan University,fte,77.1,74.7,79.3
2022,UG,Edith Cowan University,fte,75.7,73.5,77.8
2021,UG,Edith Cowan University,fte,62.6,60.0,65.1
2025,UG,Federation University Australia,fte,74.6,70.7,78.2
2024,UG,Federation University Australia,fte,74.4,74.1,74.8
2023,UG,Federation University Australia,fte,80.8,77.1,83.9
2022,UG,Federation University Australia,fte,80.3,76.7,83.3
2021,UG,Federation University Australia,fte,70.6,66.4,74.3
2025,UG,Flinders University,fte,77.7,75.1,80.0
2024,UG,Flinders University,fte,75.9,74.4,77.4
2023,UG,Flinders University,fte,76.6,74.2,78.9
2022,UG,Flinders University,fte,76.2,73.7,78.4
2021,UG,Flinders University,fte,66.3,63.6,68.9
2025,UG,Griffith University,fte,74.5,72.6,76.4
2024,UG,Griffith University,fte,74.3,72.2,76.2
2023,UG,Griffith University,fte,73.9,71.9,75.8
2022,UG,Griffith University,fte,72.5,70.6,74.3
2021,UG,Griffith University,fte,59.2,57.0,61.3
2025,UG,James Cook University,fte,88.4,86.1,90.3
2024,UG,James Cook University,fte,88.1,78.4,93.1
2023,UG,James Cook University,fte,89.5,87.2,91.3
2022,UG,James Cook University,fte,82.1,79.5,84.4
2021,UG,James Cook University,fte,78.0,75.3,80.3
2025,UG,La Trobe University,fte,72.5,70.1,74.8
2024,UG,La Trobe University,fte,70.2,68.1,72.1
2023,UG,La Trobe University,fte,78.5,76.5,80.4
2022,UG,La Trobe University,fte,79.6,77.6,81.4
2021,UG,La Trobe University,fte,70.1,67.9,72.3
2025,UG,Macquarie University,fte,68.1,66.0,70.2
2024,UG,Macquarie University,fte,66.7,64.5,68.9
2023,UG,Macquarie University,fte,78.7,76.9,80.3
2022,UG,Macquarie University,fte,76.7,74.9,78.3
2021,UG,Macquarie University,fte,66.9,64.8,68.8
2025,UG,Monash University,fte,76.1,74.5,77.5
2024,UG,Monash University,fte,75.2,72.3,77.8
2023,UG,Monash University,fte,82.0,80.6,83.2
2022,UG,Monash University,fte,80.9,79.6,82.2
2021,UG,Monash University,fte,70.3,68.8,71.8
2025,UG,Murdoch University,fte,72.6,69.2,75.7
2024,UG,Murdoch University,fte,70.7,68.0,73.2
2023,UG,Murdoch University,fte,67.7,64.3,71.0
2022,UG,Murdoch University,fte,73.1,69.8,76.1
2021,UG,Murdoch University,fte,62.3,58.9,65.5
2025,UG,Queensland University of Technology,fte,77.5,76.0,78.8
2024,UG,Queensland University of Technology,fte,75.3,72.7,77.7
2023,UG,Queensland University of Technology,fte,81.3,79.9,82.6
2022,UG,Queensland University of Technology,fte,79.3,77.9,80.6
2021,UG,Queensland University of Technology,fte,67.1,65.5,68.7
2025,UG,RMIT University,fte,61.8,60.1,63.6
2024,UG,RMIT University,fte,59.6,57.3,61.9
2023,UG,RMIT University,fte,71.8,70.2,73.4
2022,UG,RMIT University,fte,72.4,70.8,73.9
2021,UG,RMIT University,fte,63.4,61.8,65.0
2025,UG,Southern Cross University,fte,83.0,80.2,85.4
2024,UG,Southern Cross University,fte,80.1,78.0,82.1
2023,UG,Southern Cross University,fte,82.8,79.9,85.3
2022,UG,Southern Cross University,fte,79.3,76.1,82.0
2021,UG,Southern Cross University,fte,74.5,71.2,77.5
2025,UG,Swinburne University of Technology,fte,72.6,70.5,74.6
2024,UG,Swinburne University of Technology,fte,71.4,68.4,74.1
2023,UG,Swinburne University of Technology,fte,75.6,73.4,77.6
2022,UG,Swinburne University of Technology,fte,78.1,76.2,79.9
2021,UG,Swinburne University of Technology,fte,66.6,64.5,68.6
2025,UG,The Australian National University,fte,73.9,71.4,76.2
2024,UG,The Australian National University,fte,74.0,71.8,76.2
2023,UG,The Australian National University,fte,80.7,78.3,82.7
2022,UG,The Australian National University,fte,78.8,76.5,80.8
2021,UG,The Australian National University,fte,67.6,64.8,70.3
2025,UG,The University of Adelaide,fte,74.6,72.3,76.8
2024,UG,The University of Adelaide,fte,74.4,72.5,76.1
2023,UG,The University of Adelaide,fte,75.1,72.7,77.3
2022,UG,The University of Adelaide,fte,71.2,68.9,73.4
2021,UG,The University of Adelaide,fte,66.5,64.2,68.7
2025,UG,The University of Melbourne,fte,57.6,55.3,59.9
2023,UG,The University of Melbourne,fte,67.7,65.4,69.8
2022,UG,The University of Melbourne,fte,72.3,70.3,74.3
2021,UG,The University of Melbourne,fte,55.7,53.3,58.0
2025,UG,The University of Notre Dame Australia,fte,80.7,75.9,84.7
2024,UG,The University of Notre Dame Australia,fte,79.1,77.4,80.7
2023,UG,The University of Notre Dame Australia,fte,86.5,83.8,88.7
2022,UG,The University of Notre Dame Australia,fte,85.5,82.4,88.0
2021,UG,The University of Notre Dame Australia,fte,77.1,73.7,80.1
2025,UG,The University of Queensland,fte,80.1,78.5,81.7
2024,UG,The University of Queensland,fte,77.8,75.9,79.5
2023,UG,The University of Queensland,fte,81.3,79.6,82.8
2022,UG,The University of Queensland,fte,81.0,79.4,82.5
2021,UG,The University of Queensland,fte,71.4,69.6,73.1
2025,UG,The University of South Australia,fte,81.7,80.0,83.3
2024,UG,The University of South Australia,fte,79.4,77.4,81.3
2023,UG,The University of South Australia,fte,80.0,78.2,81.7
2022,UG,The University of South Australia,fte,79.6,77.8,81.2
2021,UG,The University of South Australia,fte,74.6,72.7,76.5
2025,UG,The University of Sydney,fte,74.3,72.3,76.1
2024,UG,The University of Sydney,fte,74.1,70.4,77.5
2023,UG,The University of Sydney,fte,80.9,79.3,82.4
2022,UG,The University of Sydney,fte,83.7,82.2,85.1
2021,UG,The University of Sydney,fte,71.8,70.3,73.1
2025,UG,The University of Western Australia,fte,66.1,62.5,69.4
2024,UG,The University of Western Australia,fte,60.8,59.1,62.5
2023,UG,The University of Western Australia,fte,69.6,66.1,72.9
2022,UG,The University of Western Australia,fte,72.5,69.2,75.4
2021,UG,The University of Western Australia,fte,57.2,53.8,60.6
2025,UG,Torrens University,fte,68.6,65.3,71.7
2024,UG,Torrens University,fte,68.9,66.9,70.9
2023,UG,Torrens University,fte,68.0,64.5,71.2
2022,UG,Torrens University,fte,68.4,65.2,71.5
2021,UG,Torrens University,fte,59.1,55.9,62.2
2025,UG,University of Canberra,fte,81.0,78.3,83.3
2024,UG,University of Canberra,fte,79.4,76.4,82.0
2023,UG,University of Canberra,fte,85.3,83.0,87.2
2022,UG,University of Canberra,fte,82.3,80.0,84.4
2021,UG,University of Canberra,fte,73.5,70.9,75.9
2025,UG,University of Divinity,fte,80.0,67.6,87.4
2024,UG,University of Divinity,fte,76.9,75.0,78.7
2023,UG,University of Divinity,fte,77.8,63.7,86.8
2022,UG,University of Divinity,fte,80.6,69.1,87.7
2025,UG,University of New England,fte,88.3,86.4,89.8
2024,UG,University of New England,fte,87.0,84.1,89.3
2023,UG,University of New England,fte,89.2,87.6,90.5
2022,UG,University of New England,fte,86.8,85.1,88.2
2021,UG,University of New England,fte,80.9,78.8,82.8
2025,UG,University of New South Wales,fte,73.3,71.2,75.2
2024,UG,University of New South Wales,fte,71.9,70.0,73.7
2023,UG,University of New South Wales,fte,81.3,79.4,83.1
2022,UG,University of New South Wales,fte,83.5,81.8,85.1
2021,UG,University of New South Wales,fte,73.9,72.0,75.8
2025,UG,University of Newcastle,fte,79.7,77.5,81.8
2024,UG,University of Newcastle,fte,76.3,68.3,82.5
2023,UG,University of Newcastle,fte,84.6,82.5,86.4
2022,UG,University of Newcastle,fte,81.3,79.3,83.1
2021,UG,University of Newcastle,fte,76.9,74.8,78.8
2025,UG,University of Southern Queensland,fte,85.8,83.9,87.5
2024,UG,University of Southern Queensland,fte,84.9,82.7,86.8
2023,UG,University of Southern Queensland,fte,85.1,83.2,86.8
2022,UG,University of Southern Queensland,fte,82.9,81.0,84.5
2021,UG,University of Southern Queensland,fte,79.2,77.0,81.1
2025,UG,University of Tasmania,fte,84.1,82.4,85.6
2024,UG,University of Tasmania,fte,83.6,81.6,85.4
2023,UG,University of Tasmania,fte,82.6,80.9,84.1
2022,UG,University of Tasmania,fte,81.5,79.9,83.0
2021,UG,University of Tasmania,fte,72.4,70.3,74.4
2025,UG,University of Technology Sydney,fte,72.2,70.4,73.9
2024,UG,University of Technology Sydney,fte,70.1,66.8,73.2
2023,UG,University of Technology Sydney,fte,77.5,75.8,79.2
2022,UG,University of Technology Sydney,fte,78.7,77.1,80.2
2021,UG,University of Technology Sydney,fte,71.0,69.4,72.6
2025,UG,University of the Sunshine Coast,fte,73.5,70.9,75.9
2024,UG,University of the Sunshine Coast,fte,73.2,71.6,74.7
2023,UG,University of the Sunshine Coast,fte,78.2,75.6,80.5
2022,UG,University of the Sunshine Coast,fte,75.8,73.3,78.1
2021,UG,University of the Sunshine Coast,fte,59.0,55.9,62.0
2025,UG,University of Wollongong,fte,73.4,70.6,76.1
2024,UG,University of Wollongong,fte,72.8,71.4,74.3
2023,UG,University of Wollongong,fte,77.5,74.8,80.0
2022,UG,University of Wollongong,fte,80.2,77.9,82.4
2021,UG,University of Wollongong,fte,65.5,62.7,68.2
2025,UG,Victoria University,fte,66.3,63.7,68.8
2024,UG,Victoria University,fte,61.5,58.4,64.4
2023,UG,Victoria University,fte,64.5,61.6,67.3
2022,UG,Victoria University,fte,67.9,65.1,70.6
2021,UG,Victoria University,fte,59.1,56.3,61.7
2025,UG,Western Sydney University,fte,67.2,65.0,69.4
2024,UG,Western Sydney University,fte,63.8,60.2,67.2
2023,UG,Western Sydney University,fte,74.7,72.9,76.4
2022,UG,Western Sydney University,fte,73.4,71.8,74.9
2021,UG,Western Sydney University,fte,61.8,60.6,63.0
2025,PGC,Australian Catholic University,fte,92.7,90.7,94.1
2024,PGC,Australian Catholic University,fte,92.5,91.2,93.5
2023,PGC,Australian Catholic University,fte,93.6,91.7,94.9
2022,PGC,Australian Catholic University,fte,92.2,91.2,93.0
2021,PGC,Australian Catholic University,fte,90.3,88.5,91.8
2022,PGC,Avondale University,fte,87.3,79.4,91.6
2021,PGC,Avondale University,fte,77.2,71.9,81.4
2025,PGC,Bond University,fte,80.4,73.6,85.5
2024,PGC,Bond University,fte,76.7,71.8,80.7
2023,PGC,Bond University,fte,89.1,84.0,92.4
2022,PGC,Bond University,fte,81.7,78.8,84.1
2021,PGC,Bond University,fte,87.7,83.0,91.0
2025,PGC,Central Queensland University,fte,91.3,88.1,93.4
2024,PGC,Central Queensland University,fte,89.9,87.3,91.9
2023,PGC,Central Queensland University,fte,92.6,90.1,94.4
2022,PGC,Central Queensland University,fte,88.6,86.7,90.3
2021,PGC,Central Queensland University,fte,92.4,89.4,94.2
2025,PGC,Charles Darwin University,fte,89.0,84.9,91.7
2024,PGC,Charles Darwin University,fte,89.0,86.6,90.8
2023,PGC,Charles Darwin University,fte,86.1,81.5,89.4
2022,PGC,Charles Darwin University,fte,92.6,90.7,94.0
2021,PGC,Charles Darwin University,fte,89.2,87.6,90.5
2025,PGC,Charles Sturt University,fte,91.6,90.1,92.9
2024,PGC,Charles Sturt University,fte,90.3,87.9,92.1
2023,PGC,Charles Sturt University,fte,93.4,92.2,94.4
2022,PGC,Charles Sturt University,fte,90.2,89.4,90.9
2021,PGC,Charles Sturt University,fte,81.1,78.4,83.4
2025,PGC,Curtin University,fte,87.4,84.8,89.6
2024,PGC,Curtin University,fte,86.5,85.1,87.8
2023,PGC,Curtin University,fte,87.9,85.5,89.9
2022,PGC,Curtin University,fte,81.3,79.9,82.7
2021,PGC,Curtin University,fte,83.9,82.2,85.5
2025,PGC,Deakin University,fte,86.6,85.0,88.0
2024,PGC,Deakin University,fte,85.9,83.6,87.9
2023,PGC,Deakin University,fte,90.0,88.8,91.1
2022,PGC,Deakin University,fte,85.7,84.9,86.5
2021,PGC,Deakin University,fte,81.9,79.1,84.3
2025,PGC,Edith Cowan University,fte,88.0,85.7,89.8
2024,PGC,Edith Cowan University,fte,87.0,84.7,88.8
2023,PGC,Edith Cowan University,fte,91.1,89.2,92.6
2022,PGC,Edith Cowan University,fte,83.0,81.6,84.3
2021,PGC,Edith Cowan University,fte,80.4,73.9,85.2
2025,PGC,Federation University Australia,fte,89.6,85.5,92.4
2024,PGC,Federation University Australia,fte,89.2,87.0,90.9
2023,PGC,Federation University Australia,fte,95.3,91.6,97.2
2022,PGC,Federation University Australia,fte,83.5,80.4,86.1
2021,PGC,Federation University Australia,fte,87.7,85.6,89.5
2025,PGC,Flinders University,fte,92.9,91.0,94.3
2024,PGC,Flinders University,fte,92.7,90.8,94.2
2023,PGC,Flinders University,fte,90.3,88.3,91.8
2022,PGC,Flinders University,fte,87.6,86.5,88.6
2021,PGC,Flinders University,fte,84.4,82.4,86.2
2025,PGC,Griffith University,fte,89.5,87.7,91.0
2024,PGC,Griffith University,fte,89.0,84.8,91.8
2023,PGC,Griffith University,fte,89.1,87.2,90.7
2022,PGC,Griffith University,fte,85.9,84.9,86.9
2021,PGC,Griffith University,fte,89.6,87.1,91.6
2025,PGC,James Cook University,fte,89.6,86.9,91.6
2024,PGC,James Cook University,fte,89.1,87.7,90.3
2023,PGC,James Cook University,fte,92.7,90.8,94.0
2022,PGC,James Cook University,fte,89.6,88.2,90.7
2021,PGC,James Cook University,fte,84.2,81.4,86.5
2025,PGC,La Trobe University,fte,87.3,85.1,89.1
2024,PGC,La Trobe University,fte,86.5,81.5,90.0
2023,PGC,La Trobe University,fte,89.2,86.7,91.2
2022,PGC,La Trobe University,fte,84.9,83.3,86.3
2021,PGC,La Trobe University,fte,85.2,82.5,87.4
2025,PGC,Macquarie University,fte,84.2,81.1,86.8
2024,PGC,Macquarie University,fte,85.2,82.4,87.5
2023,PGC,Macquarie University,fte,87.3,85.0,89.1
2022,PGC,Macquarie University,fte,85.1,83.7,86.3
2021,PGC,Macquarie University,fte,80.5,78.9,81.9
2025,PGC,Monash University,fte,84.6,83.1,86.0
2024,PGC,Monash University,fte,85.7,83.0,87.9
2023,PGC,Monash University,fte,87.8,86.5,89.0
2022,PGC,Monash University,fte,84.3,83.6,85.1
2021,PGC,Monash University,fte,78.7,74.4,82.2
2025,PGC,Murdoch University,fte,85.4,80.3,89.0
2024,PGC,Murdoch University,fte,85.8,83.0,88.0
2023,PGC,Murdoch University,fte,86.9,82.2,90.2
2022,PGC,Murdoch University,fte,79.2,76.9,81.3
2021,PGC,Murdoch University,fte,85.4,83.9,86.8
2025,PGC,Queensland University of Technology,fte,91.7,90.5,92.6
2024,PGC,Queensland University of Technology,fte,90.5,87.7,92.5
2023,PGC,Queensland University of Technology,fte,92.5,91.3,93.5
2022,PGC,Queensland University of Technology,fte,88.7,87.9,89.5
2021,PGC,Queensland University of Technology,fte,79.4,77.7,80.9
2025,PGC,RMIT University,fte,82.0,80.1,83.7
2024,PGC,RMIT University,fte,83.6,82.4,84.7
2023,PGC,RMIT University,fte,89.0,87.7,90.2
2022,PGC,RMIT University,fte,82.6,81.6,83.5
2021,PGC,RMIT University,fte,87.8,85.5,89.6
2025,PGC,Southern Cross University,fte,89.4,86.5,91.5
2024,PGC,Southern Cross University,fte,89.0,86.4,91.0
2023,PGC,Southern Cross University,fte,92.6,90.6,94.1
2022,PGC,Southern Cross University,fte,89.7,88.5,90.8
2021,PGC,Southern Cross University,fte,80.8,77.6,83.5
2025,PGC,Swinburne University of Technology,fte,86.1,83.4,88.3
2024,PGC,Swinburne University of Technology,fte,85.9,79.3,90.1
2023,PGC,Swinburne University of Technology,fte,87.2,84.4,89.5
2022,PGC,Swinburne University of Technology,fte,84.6,82.9,86.0
2021,PGC,Swinburne University of Technology,fte,86.6,84.2,88.5
2025,PGC,The Australian National University,fte,89.4,86.5,91.5
2024,PGC,The Australian National University,fte,89.0,86.4,91.0
2023,PGC,The Australian National University,fte,88.5,86.0,90.5
2022,PGC,The Australian National University,fte,88.1,86.8,89.2
2021,PGC,The Australian National University,fte,80.7,77.1,83.7
2025,PGC,The University of Adelaide,fte,84.0,81.2,86.3
2024,PGC,The University of Adelaide,fte,84.9,83.2,86.3
2023,PGC,The University of Adelaide,fte,89.5,86.9,91.4
2022,PGC,The University of Adelaide,fte,83.4,81.7,85.0
2021,PGC,The University of Adelaide,fte,83.5,82.3,84.5
2025,PGC,The University of Melbourne,fte,83.9,82.6,85.1
2024,PGC,The University of Melbourne,fte,84.5,83.1,85.7
2023,PGC,The University of Melbourne,fte,88.3,87.2,89.2
2022,PGC,The University of Melbourne,fte,85.5,84.9,86.1
2021,PGC,The University of Melbourne,fte,90.5,87.4,92.8
2025,PGC,The University of Notre Dame Australia,fte,91.9,84.9,95.5
2024,PGC,The University of Notre Dame Australia,fte,90.6,83.6,94.3
2023,PGC,The University of Notre Dame Australia,fte,94.1,91.0,96.1
2022,PGC,The University of Notre Dame Australia,fte,91.2,89.6,92.6
2021,PGC,The University of Notre Dame Australia,fte,82.1,79.8,84.2
2025,PGC,The University of Queensland,fte,83.0,80.6,85.1
2024,PGC,The University of Queensland,fte,84.2,80.8,86.9
2023,PGC,The University of Queensland,fte,86.8,84.7,88.6
2022,PGC,The University of Queensland,fte,83.4,82.2,84.5
2021,PGC,The University of Queensland,fte,81.1,78.1,83.7
2025,PGC,The University of South Australia,fte,91.1,88.6,93.0
2024,PGC,The University of South Australia,fte,89.8,85.7,92.6
2023,PGC,The University of South Australia,fte,89.7,87.3,91.6
2022,PGC,The University of South Australia,fte,84.9,83.4,86.3
2021,PGC,The University of South Australia,fte,84.8,83.5,85.9
2025,PGC,The University of Sydney,fte,86.9,85.0,88.6
2024,PGC,The University of Sydney,fte,86.0,83.4,88.2
2023,PGC,The University of Sydney,fte,89.0,87.5,90.2
2022,PGC,The University of Sydney,fte,86.8,86.0,87.5
2021,PGC,The University of Sydney,fte,83.4,80.9,85.6
2025,PGC,The University of Western Australia,fte,90.3,87.8,92.2
2024,PGC,The University of Western Australia,fte,89.5,86.6,91.7
2023,PGC,The University of Western Australia,fte,89.2,87.0,91.0
2022,PGC,The University of Western Australia,fte,84.3,82.9,85.6
2021,PGC,The University of Western Australia,fte,83.8,78.1,87.9
2025,PGC,Torrens University,fte,82.2,78.0,85.4
2024,PGC,Torrens University,fte,83.6,81.0,85.9
2023,PGC,Torrens University,fte,81.4,77.1,84.8
2022,PGC,Torrens University,fte,85.9,83.3,88.0
2021,PGC,Torrens University,fte,87.1,83.8,89.6
2025,PGC,University of Canberra,fte,88.7,86.0,90.8
2024,PGC,University of Canberra,fte,88.0,85.3,90.1
2023,PGC,University of Canberra,fte,92.9,90.3,94.6
2022,PGC,University of Canberra,fte,89.3,87.6,90.8
2021,PGC,University of Canberra,fte,88.0,81.8,91.7
2025,PGC,University of Divinity,fte,95.1,89.9,97.3
2024,PGC,University of Divinity,fte,94.3,93.1,95.2
2023,PGC,University of Divinity,fte,94.6,89.8,96.8
2022,PGC,University of Divinity,fte,90.2,87.2,92.4
2021,PGC,University of Divinity,fte,83.9,81.3,85.9
2025,PGC,University of New England,fte,88.6,86.2,90.5
2024,PGC,University of New England,fte,87.9,81.7,92.0
2023,PGC,University of New England,fte,90.2,88.0,91.9
2022,PGC,University of New England,fte,86.2,85.0,87.3
2021,PGC,University of New England,fte,91.1,89.7,92.3
2025,PGC,University of New South Wales,fte,90.9,89.6,92.0
2024,PGC,University of New South Wales,fte,89.7,88.4,90.9
2023,PGC,University of New South Wales,fte,91.7,90.4,92.7
2022,PGC,University of New South Wales,fte,90.3,89.5,91.0
2021,PGC,University of New South Wales,fte,87.3,84.9,89.2
2025,PGC,University of Newcastle,fte,91.5,89.5,93.1
2024,PGC,University of Newcastle,fte,90.1,87.2,92.2
2023,PGC,University of Newcastle,fte,91.5,89.2,93.2
2022,PGC,University of Newcastle,fte,90.5,89.4,91.5
2021,PGC,University of Newcastle,fte,84.9,82.0,87.1
2025,PGC,University of Southern Queensland,fte,89.6,87.1,91.6
2024,PGC,University of Southern Queensland,fte,89.4,87.5,91.0
2023,PGC,University of Southern Queensland,fte,89.2,86.9,90.9
2022,PGC,University of Southern Queensland,fte,87.1,85.6,88.4
2021,PGC,University of Southern Queensland,fte,92.9,91.6,94.0
2025,PGC,University of Tasmania,fte,95.1,94.1,95.8
2024,PGC,University of Tasmania,fte,93.8,91.9,95.3
2023,PGC,University of Tasmania,fte,95.9,94.9,96.6
2022,PGC,University of Tasmania,fte,93.8,93.1,94.4
2021,PGC,University of Tasmania,fte,81.2,78.7,83.4
2025,PGC,University of Technology Sydney,fte,86.1,84.3,87.7
2024,PGC,University of Technology Sydney,fte,85.9,83.3,88.1
2023,PGC,University of Technology Sydney,fte,87.1,85.3,88.7
2022,PGC,University of Technology Sydney,fte,82.9,81.6,84.1
2021,PGC,University of Technology Sydney,fte,81.6,75.6,85.9
2025,PGC,University of the Sunshine Coast,fte,88.9,83.9,92.0
2024,PGC,University of the Sunshine Coast,fte,88.2,85.8,90.0
2023,PGC,University of the Sunshine Coast,fte,86.2,80.1,90.2
2022,PGC,University of the Sunshine Coast,fte,84.2,81.0,86.7
2021,PGC,University of the Sunshine Coast,fte,84.5,81.5,86.8
2025,PGC,University of Wollongong,fte,88.1,85.4,90.2
2024,PGC,University of Wollongong,fte,87.9,84.9,90.1
2023,PGC,University of Wollongong,fte,90.1,87.2,92.2
2022,PGC,University of Wollongong,fte,88.6,86.9,90.0
2021,PGC,University of Wollongong,fte,79.0,75.5,82.0
2025,PGC,Victoria University,fte,82.7,80.0,85.0
2024,PGC,Victoria University,fte,84.0,81.7,86.0
2023,PGC,Victoria University,fte,84.7,81.9,86.9
2022,PGC,Victoria University,fte,82.0,80.1,83.6
2021,PGC,Victoria University,fte,78.2,75.5,80.3
2025,PGC,Western Sydney University,fte,85.1,81.8,87.8
2024,PGC,Western Sydney University,fte,85.7,84.0,87.2
2023,PGC,Western Sydney University,fte,87.4,84.8,89.5
2022,PGC,Western Sydney University,fte,80.7,79.0,82.2
