year,course_level,citizenship,median_salary
2024,UG,Domestic,75000.0
2023,UG,Domestic,71000.0
2022,UG,Domestic,68000.0
2021,UG,Domestic,65000.0
2020,UG,Domestic,64700.0
2019,UG,Domestic,62600.0
2018,UG,Domestic,61000.0
2017,UG,Domestic,60000.0
2016,UG,Domestic,57900.0
2024,UG,International,68000.0
2023,UG,International,65000.0
2022,UG,International,60000.0
2021,UG,International,54300.0
2020,UG,International,53000.0
2019,UG,International,51100.0
2018,UG,International,51100.0
2017,UG,International,50100.0
2016,UG,International,50000.0
2024,PGC,Domestic,100000.0
2023,PGC,Domestic,96600.0
2022,PGC,Domestic,91600.0
2021,PGC,Domestic,89700.0
2020,PGC,Domestic,87400.0
2019,PGC,Domestic,85300.0
2018,PGC,Domestic,83300.0
2017,PGC,Domestic,81000.0
2016,PGC,Domestic,80000.0
2024,PGC,International,70000.0
2023,PGC,International,65000.0
2022,PGC,International,60000.0
2021,PGC,International,54800.0
2020,PGC,International,52800.0
2019,PGC,International,52200.0
2018,PGC,International,51600.0
2017,PGC,International,49300.0
2016,PGC,International,49600.0
2024,PGR,Domestic,104400.0
2023,PGR,Domestic,100000.0
2022,PGR,Domestic,96000.0
2021,PGR,Domestic,95000.0
2020,PGR,Domestic,93000.0
2019,PGR,Domestic,90000.0
2018,PGR,Domestic,90000.0
2017,PGR,Domestic,87800.0
2016,PGR,Domestic,85000.0
2024,PGR,International,95600.0
2023,PGR,International,92000.0
2022,PGR,International,89500.0
2021,PGR,International,86900.0
2020,PGR,International,85000.0
2019,PGR,International,83000.0
2018,PGR,International,81900.0
2017,PGR,International,79000.0
2016,PGR,International,78000.0
