year,study_area,measure,value
2025,Agriculture and environmental studies,FTE_overqualified,34.6
2025,Agriculture and environmental studies,Overall_overqualified,44.6
2025,Architecture and built environment,FTE_overqualified,25.5
2025,Architecture and built environment,Overall_overqualified,40.2
2025,Business and management,FTE_overqualified,34.3
2025,Business and management,Overall_overqualified,43.3
2025,Communications,FTE_overqualified,41.2
2025,Communications,Overall_overqualified,57.0
2025,Computing and information systems,FTE_overqualified,31.8
2025,Computing and information systems,Overall_overqualified,44.3
2025,Creative arts,FTE_overqualified,46.3
2025,Creative arts,Overall_overqualified,60.0
2025,Dentistry,FTE_overqualified,2.1
2025,Dentistry,Overall_overqualified,7.5
2025,Engineering,FTE_overqualified,22.9
2025,Engineering,Overall_overqualified,31.0
2025,Health services and support,FTE_overqualified,29.3
2025,Health services and support,Overall_overqualified,43.3
2025,"Humanities, culture and social sciences",FTE_overqualified,41.1
2025,"Humanities, culture and social sciences",Overall_overqualified,55.0
2025,Law and paralegal studies,FTE_overqualified,32.2
2025,Law and paralegal studies,Overall_overqualified,40.9
2025,Medicine,FTE_overqualified,15.7
2025,Medicine,Overall_overqualified,27.2
2025,Nursing,FTE_overqualified,12.4
2025,Nursing,Overall_overqualified,13.5
2025,Pharmacy,FTE_overqualified,6.6
2025,Pharmacy,Overall_overqualified,9.9
2025,Psychology,FTE_overqualified,52.6
2025,Psychology,Overall_overqualified,64.3
2025,Rehabilitation,FTE_overqualified,4.1
2025,Rehabilitation,Overall_overqualified,9.1
2025,Science and mathematics,FTE_overqualified,43.3
2025,Science and mathematics,Overall_overqualified,61.5
2025,Social work,FTE_overqualified,21.8
2025,Social work,Overall_overqualified,29.7
2025,Teacher education,FTE_overqualified,12.1
2025,Teacher education,Overall_overqualified,17.5
2025,"Tourism, hospitality, personal services, sport and recreation",FTE_overqualified,35.6
2025,"Tourism, hospitality, personal services, sport and recreation",Overall_overqualified,42.5
2025,Veterinary science,FTE_overqualified,17.7
2025,Veterinary science,Overall_overqualified,31.4
