study_area,measure,raw,norm
Agriculture and environmental studies,Salary,75000.0,0.30617283950617286
Architecture and built environment,Salary,75100.0,0.30864197530864196
Business and management,Salary,74000.0,0.2814814814814815
Communications,Salary,66000.0,0.08395061728395062
Computing and information systems,Salary,80000.0,0.42962962962962964
Creative arts,Salary,63200.0,0.014814814814814815
Dentistry,Salary,103100.0,1.0
Engineering,Salary,82500.0,0.49135802469135803
Health services and support,Salary,77400.0,0.3654320987654321
"Humanities, culture and social sciences",Salary,75100.0,0.30864197530864196
Law and paralegal studies,Salary,80000.0,0.42962962962962964
Medicine,Salary,85900.0,0.5753086419753086
Nursing,Salary,75100.0,0.30864197530864196
Pharmacy,Salary,62600.0,0.0
Psychology,Salary,75300.0,0.3135802469135803
Rehabilitation,Salary,75300.0,0.3135802469135803
Science and mathematics,Salary,73100.0,0.25925925925925924
Social work,Salary,85300.0,0.5604938271604938
Teacher education,Salary,82100.0,0.48148148148148145
"Tourism, hospitality, personal services, sport and recreation",Salary,70000.0,0.18271604938271604
Veterinary science,Salary,75000.0,0.30617283950617286
Agriculture and environmental studies,FTE,80.3,0.629032258064516
Architecture and built environment,FTE,72.7,0.4539170506912443
Business and management,FTE,79.2,0.6036866359447004
Communications,FTE,59.2,0.1428571428571429
Computing and information systems,FTE,65.3,0.2834101382488478
Creative arts,FTE,53.0,0.0
Dentistry,FTE,84.6,0.7281105990783407
Engineering,FTE,83.4,0.7004608294930876
Health services and support,FTE,78.3,0.5829493087557602
"Humanities, culture and social sciences",FTE,68.0,0.34562211981566815
Law and paralegal studies,FTE,82.5,0.6797235023041474
Medicine,FTE,93.2,0.9262672811059908
Nursing,FTE,80.8,0.640552995391705
Pharmacy,FTE,96.4,1.0
Psychology,FTE,69.9,0.38940092165898627
Rehabilitation,FTE,94.0,0.944700460829493
Science and mathematics,FTE,65.4,0.2857142857142858
Social work,FTE,79.6,0.6129032258064514
Teacher education,FTE,86.2,0.7649769585253456
"Tourism, hospitality, personal services, sport and recreation",FTE,78.6,0.5898617511520735
Veterinary science,FTE,85.6,0.7511520737327186
Agriculture and environmental studies,FurtherStudy,11.7,0.24374999999999997
Architecture and built environment,FurtherStudy,18.5,0.45625
Business and management,FurtherStudy,11.6,0.24062499999999998
Communications,FurtherStudy,12.8,0.278125
Computing and information systems,FurtherStudy,12.0,0.253125
Creative arts,FurtherStudy,17.6,0.42812500000000003
Dentistry,FurtherStudy,10.4,0.203125
Engineering,FurtherStudy,12.7,0.27499999999999997
Health services and support,FurtherStudy,23.1,0.6000000000000001
"Humanities, culture and social sciences",FurtherStudy,23.9,0.625
Law and paralegal studies,FurtherStudy,20.6,0.5218750000000001
Medicine,FurtherStudy,20.1,0.5062500000000001
Nursing,FurtherStudy,4.9,0.031250000000000014
Pharmacy,FurtherStudy,18.0,0.440625
Psychology,FurtherStudy,33.7,0.9312500000000001
Rehabilitation,FurtherStudy,3.9,0.0
Science and mathematics,FurtherStudy,35.9,1.0
Social work,FurtherStudy,8.7,0.14999999999999997
Teacher education,FurtherStudy,13.2,0.29062499999999997
"Tourism, hospitality, personal services, sport and recreation",FurtherStudy,20.4,0.515625
Veterinary science,FurtherStudy,18.9,0.46874999999999994
Agriculture and environmental studies,Overqualified,44.6,0.6531690140845071
Architecture and built environment,Overqualified,40.2,0.5757042253521127
Business and management,Overqualified,43.3,0.630281690140845
Communications,Overqualified,57.0,0.8714788732394366
Computing and information systems,Overqualified,44.3,0.647887323943662
Creative arts,Overqualified,60.0,0.9242957746478874
Dentistry,Overqualified,7.5,0.0
Engineering,Overqualified,31.0,0.4137323943661972
Health services and support,Overqualified,43.3,0.630281690140845
"Humanities, culture and social sciences",Overqualified,55.0,0.8362676056338029
Law and paralegal studies,Overqualified,40.9,0.5880281690140845
Medicine,Overqualified,27.2,0.34683098591549294
Nursing,Overqualified,13.5,0.10563380281690142
Pharmacy,Overqualified,9.9,0.04225352112676057
Psychology,Overqualified,64.3,1.0
Rehabilitation,Overqualified,9.1,0.028169014084507036
Science and mathematics,Overqualified,61.5,0.9507042253521127
Social work,Overqualified,29.7,0.39084507042253525
Teacher education,Overqualified,17.5,0.17605633802816903
"Tourism, hospitality, personal services, sport and recreation",Overqualified,42.5,0.6161971830985916
Veterinary science,Overqualified,31.4,0.42077464788732394
