study_area,median_salary,fte
Agriculture and environmental studies,75000.0,80.3
Architecture and built environment,75100.0,72.7
Business and management,74000.0,79.2
Communications,66000.0,59.2
Computing and information systems,80000.0,65.3
Creative arts,63200.0,53.0
Dentistry,103100.0,84.6
Engineering,82500.0,83.4
Health services and support,77400.0,78.3
"Humanities, culture and social sciences",75100.0,68.0
Law and paralegal studies,80000.0,82.5
Medicine,85900.0,93.2
Nursing,75100.0,80.8
Pharmacy,62600.0,96.4
Psychology,75300.0,69.9
Rehabilitation,75300.0,94.0
Science and mathematics,73100.0,65.4
Social work,85300.0,79.6
Teacher education,82100.0,86.2
"Tourism, hospitality, personal services, sport and recreation",70000.0,78.6
Veterinary science,75000.0,85.6
