study_area,year,median_salary,fte
Agriculture and environmental studies,2020,61500.0,67.4
Agriculture and environmental studies,2021,60500.0,69.5
Agriculture and environmental studies,2022,70000.0,83.3
Agriculture and environmental studies,2022,70000.0,83.3
Agriculture and environmental studies,2023,71100.0,82.1
Agriculture and environmental studies,2024,71500.0,77.8
Agriculture and environmental studies,2025,75000.0,80.3
Architecture and built environment,2020,64700.0,67.7
Architecture and built environment,2021,62600.0,65.2
Architecture and built environment,2022,64700.0,78.8
Architecture and built environment,2022,64700.0,78.8
Architecture and built environment,2023,66000.0,78.7
Architecture and built environment,2024,75000.0,66.6
Architecture and built environment,2025,75100.0,72.7
Business and management,2020,60000.0,74.3
Business and management,2021,60700.0,72.8
Business and management,2022,65000.0,84.2
Business and management,2022,65000.0,84.2
Business and management,2023,69200.0,84.5
Business and management,2024,72000.0,78.5
Business and management,2025,74000.0,79.2
Communications,2020,55600.0,52.8
Communications,2021,56200.0,55.2
Communications,2022,60000.0,68.4
Communications,2022,60000.0,68.4
Communications,2023,65000.0,64.9
Communications,2024,65200.0,58.3
Communications,2025,66000.0,59.2
Computing and information systems,2020,65000.0,72.1
Computing and information systems,2021,65500.0,67.9
Computing and information systems,2022,69000.0,76.6
Computing and information systems,2022,69000.0,76.6
Computing and information systems,2023,74400.0,74.4
Computing and information systems,2024,75300.0,67.8
Computing and information systems,2025,80000.0,65.3
Creative arts,2020,52000.0,45.8
Creative arts,2021,53000.0,49.2
Creative arts,2022,56800.0,57.3
Creative arts,2022,56800.0,57.3
Creative arts,2023,59500.0,53.5
Creative arts,2024,62600.0,48.4
Creative arts,2025,63200.0,53.0
Dentistry,2020,84000.0,80.0
Dentistry,2021,100000.0,84.5
Dentistry,2022,100000.0,86.6
Dentistry,2022,100000.0,86.6
Dentistry,2023,94400.0,83.2
Dentistry,2024,103300.0,85.6
Dentistry,2025,103100.0,84.6
Engineering,2020,69500.0,83.0
Engineering,2021,70000.0,80.3
Engineering,2022,71500.0,87.5
Engineering,2022,71500.0,87.5
Engineering,2023,75000.0,89.2
Engineering,2024,80000.0,85.5
Engineering,2025,82500.0,83.4
Health services and support,2020,65100.0,67.2
Health services and support,2021,66500.0,72.5
Health services and support,2022,69400.0,78.5
Health services and support,2022,69400.0,78.5
Health services and support,2023,70800.0,78.0
Health services and support,2024,74900.0,75.4
Health services and support,2025,77400.0,78.3
"Humanities, culture and social sciences",2020,62600.0,60.9
"Humanities, culture and social sciences",2021,62600.0,57.9
"Humanities, culture and social sciences",2022,66700.0,72.9
"Humanities, culture and social sciences",2022,66700.0,72.9
"Humanities, culture and social sciences",2023,69400.0,71.8
"Humanities, culture and social sciences",2024,73100.0,66.7
"Humanities, culture and social sciences",2025,75100.0,68.0
Law and paralegal studies,2020,65000.0,75.7
Law and paralegal studies,2021,66800.0,72.5
Law and paralegal studies,2022,70000.0,80.2
Law and paralegal studies,2022,70000.0,80.2
Law and paralegal studies,2023,73000.0,84.5
Law and paralegal studies,2024,76000.0,79.3
Law and paralegal studies,2025,80000.0,82.5
Medicine,2020,75000.0,86.7
Medicine,2021,76000.0,90.2
Medicine,2022,79800.0,93.0
Medicine,2022,79800.0,93.0
Medicine,2023,85000.0,95.6
Medicine,2024,86800.0,90.4
Medicine,2025,85900.0,93.2
Nursing,2020,64200.0,72.7
Nursing,2021,65200.0,74.2
Nursing,2022,68500.0,82.6
Nursing,2022,68500.0,82.6
Nursing,2023,69400.0,86.8
Nursing,2024,72000.0,85.5
Nursing,2025,75100.0,80.8
Pharmacy,2020,49600.0,96.4
Pharmacy,2021,50000.0,95.0
Pharmacy,2022,52200.0,96.2
Pharmacy,2022,52200.0,96.2
Pharmacy,2023,55500.0,98.4
Pharmacy,2024,59500.0,91.4
Pharmacy,2025,62600.0,96.4
Psychology,2020,63000.0,61.4
Psychology,2021,65000.0,60.2
Psychology,2022,67800.0,72.0
Psychology,2022,67800.0,72.0
Psychology,2023,71000.0,72.7
Psychology,2024,75100.0,65.5
Psychology,2025,75300.0,69.9
Rehabilitation,2020,65000.0,87.3
Rehabilitation,2021,67000.0,94.4
Rehabilitation,2022,69500.0,96.5
Rehabilitation,2022,69500.0,96.5
Rehabilitation,2023,71000.0,95.6
Rehabilitation,2024,75000.0,94.9
Rehabilitation,2025,75300.0,94.0
Science and mathematics,2020,64000.0,59.1
Science and mathematics,2021,63000.0,61.1
Science and mathematics,2022,66000.0,72.5
Science and mathematics,2022,66000.0,72.5
Science and mathematics,2023,69000.0,69.8
Science and mathematics,2024,72400.0,63.6
Science and mathematics,2025,73100.0,65.4
Social work,2020,70000.0,67.2
Social work,2021,72600.0,70.7
Social work,2022,75000.0,77.4
Social work,2022,75000.0,77.4
Social work,2023,77300.0,80.7
Social work,2024,82000.0,77.3
Social work,2025,85300.0,79.6
Teacher education,2020,70000.0,80.6
Teacher education,2021,72000.0,79.1
Teacher education,2022,72200.0,86.7
Teacher education,2022,72200.0,86.7
Teacher education,2023,75000.0,89.6
Teacher education,2024,78800.0,86.8
Teacher education,2025,82100.0,86.2
"Tourism, hospitality, personal services, sport and recreation",2020,53500.0,52.4
"Tourism, hospitality, personal services, sport and recreation",2021,54900.0,58.7
"Tourism, hospitality, personal services, sport and recreation",2022,54800.0,65.1
"Tourism, hospitality, personal services, sport and recreation",2022,54800.0,65.1
"Tourism, hospitality, personal services, sport and recreation",2023,65000.0,73.0
"Tourism, hospitality, personal services, sport and recreation",2024,63900.0,69.8
"Tourism, hospitality, personal services, sport and recreation",2025,70000.0,78.6
Veterinary science,2020,57800.0,78.2
Veterinary science,2021,60000.0,87.0
Veterinary science,2022,62600.0,89.9
Veterinary science,2022,62600.0,89.9
Veterinary science,2023,67400.0,92.1
Veterinary science,2024,70000.0,84.7
Veterinary science,2025,75000.0,85.6
