study_area,Salary,FTE,Overqualified,NotOver,sSalary,sFTE,sNotOver,tx,ty
Agriculture and environmental studies,75000,80.3,44.6,55.4,0.2388,0.4907,0.2705,0.3899,0.2068
Architecture and built environment,75100,72.7,40.2,59.8,0.2601,0.3825,0.3575,0.4875,0.2252
Business and management,74000,79.2,43.3,56.7,0.2243,0.4811,0.2946,0.4068,0.1943
Communications,66000,59.2,57.0,43.0,0.2363,0.402,0.3617,0.4798,0.2046
Computing and information systems,80000,65.3,44.3,55.7,0.4034,0.2661,0.3306,0.5323,0.3493
Creative arts,63200,53.0,60.0,40.0,0.1637,0.0,0.8363,0.9182,0.1417
Dentistry,103100,84.6,7.5,92.5,0.3666,0.2669,0.3666,0.5498,0.3174
Engineering,82500,83.4,31.0,69.0,0.2763,0.3939,0.3297,0.4679,0.2393
Health services and support,77400,78.3,43.3,56.7,0.2772,0.4423,0.2805,0.4191,0.2401
"Humanities, culture and social sciences",75100,68.0,55.0,45.0,0.3773,0.4225,0.2002,0.3888,0.3268
Law and paralegal studies,80000,82.5,40.9,59.1,0.2824,0.4468,0.2708,0.412,0.2446
Medicine,85900,93.2,27.2,72.8,0.267,0.4299,0.3031,0.4366,0.2312
Nursing,75100,80.8,13.5,86.5,0.1674,0.3475,0.4851,0.5688,0.145
Pharmacy,62600,96.4,9.9,90.1,0.0,0.5108,0.4892,0.4892,0.0
Psychology,75300,69.9,64.3,35.7,0.4461,0.5539,0.0,0.223,0.3863
Rehabilitation,75300,94.0,9.1,90.9,0.1406,0.4236,0.4358,0.5061,0.1218
Science and mathematics,73100,65.4,61.5,38.5,0.4363,0.4808,0.083,0.3011,0.3778
Social work,85300,79.6,29.7,70.3,0.3144,0.3438,0.3417,0.4989,0.2723
Teacher education,82100,86.2,17.5,82.5,0.2326,0.3695,0.398,0.5142,0.2014
"Tourism, hospitality, personal services, sport and recreation",70000,78.6,42.5,57.5,0.158,0.5101,0.3319,0.4109,0.1368
Veterinary science,75000,85.6,31.4,68.6,0.1871,0.459,0.3539,0.4475,0.162
