institution,state,state_code
Australian Catholic University,New South Wales,NSW
Avondale University,New South Wales,NSW
Bond University,Queensland,QLD
Central Queensland University,Queensland,QLD
Charles Darwin University,Northern Territory,NT
Charles Sturt University,New South Wales,NSW
Curtin University,Western Australia,WA
Deakin University,Victoria,VIC
Edith Cowan University,Western Australia,WA
Federation University Australia,Victoria,VIC
Flinders University,South Australia,SA
Griffith University,Queensland,QLD
James Cook University,Queensland,QLD
La Trobe University,Victoria,VIC
Macquarie University,New South Wales,NSW
Monash University,Victoria,VIC
Murdoch University,Western Australia,WA
Queensland University of Technology,Queensland,QLD
RMIT University,Victoria,VIC
Southern Cross University,New South Wales,NSW
Swinburne University of Technology,Victoria,VIC
The Australian National University,Australian Capital Territory,ACT
The University of Adelaide,South Australia,SA
The University of Melbourne,Victoria,VIC
The University of Notre Dame Australia,Western Australia,WA
The University of Queensland,Queensland,QLD
The University of South Australia,South Australia,SA
The University of Sydney,New South Wales,NSW
The University of Western Australia,Western Australia,WA
Torrens University,South Australia,SA
University of Canberra,Australian Capital Territory,ACT
University of Divinity,Victoria,VIC
University of New England,New South Wales,NSW
University of New South Wales,New South Wales,NSW
University of Newcastle,New South Wales,NSW
University of Southern Queensland,Queensland,QLD
University of Tasmania,Tasmania,TAS
University of Technology Sydney,New South Wales,NSW
University of the Sunshine Coast,Queensland,QLD
University of Wollongong,New South Wales,NSW
Victoria University,Victoria,VIC
Western Sydney University,New South Wales,NSW